Datetime,Water Level (m)
2026-01-07 12:00:00,0.053755924
2026-01-07 13:00:00,0.21106043
2026-01-07 14:00:00,0.28583348
2026-01-07 15:00:00,0.16639386
2026-01-07 16:00:00,-0.0021918318
2026-01-07 17:00:00,-0.17016512
2026-01-07 18:00:00,-0.34597448
2026-01-07 19:00:00,-0.51105785
2026-01-07 20:00:00,-0.6462698
2026-01-07 21:00:00,-0.7069361
2026-01-07 22:00:00,-0.4979512
2026-01-07 23:00:00,-0.2092921
2026-01-08 00:00:00,0.055841245
2026-01-08 01:00:00,0.27858245
2026-01-08 02:00:00,0.4244507
2026-01-08 03:00:00,0.3588553
2026-01-08 04:00:00,0.19090219
2026-01-08 05:00:00,0.001092761
2026-01-08 06:00:00,-0.18727724
2026-01-08 07:00:00,-0.38107648
2026-01-08 08:00:00,-0.54494226
2026-01-08 09:00:00,-0.6723759
2026-01-08 10:00:00,-0.68814105
2026-01-08 11:00:00,-0.4610895
2026-01-08 12:00:00,-0.19773702
2026-01-08 13:00:00,0.007085525
2026-01-08 14:00:00,0.19475512
2026-01-08 15:00:00,0.26535034
2026-01-08 16:00:00,0.17429009
2026-01-08 17:00:00,0.017057009
2026-01-08 18:00:00,-0.14971666
2026-01-08 19:00:00,-0.32779512
2026-01-08 20:00:00,-0.49338618
2026-01-08 21:00:00,-0.61436474
2026-01-08 22:00:00,-0.56168056
2026-01-08 23:00:00,-0.3118138
2026-01-09 00:00:00,-0.06664427
2026-01-09 01:00:00,0.12356847
2026-01-09 02:00:00,0.3038382
2026-01-09 03:00:00,0.34118468
2026-01-09 04:00:00,0.2305832
2026-01-09 05:00:00,0.07334546
2026-01-09 06:00:00,-0.094093814
2026-01-09 07:00:00,-0.27252287
2026-01-09 08:00:00,-0.4422424
2026-01-09 09:00:00,-0.57976145
2026-01-09 10:00:00,-0.66894734
2026-01-09 11:00:00,-0.561173
2026-01-09 12:00:00,-0.3295358
2026-01-09 13:00:00,-0.101491764
2026-01-09 14:00:00,0.07780282
2026-01-09 15:00:00,0.24458405
2026-01-09 16:00:00,0.2551549
2026-01-09 17:00:00,0.14722472
2026-01-09 18:00:00,-0.007245127
2026-01-09 19:00:00,-0.16539934
2026-01-09 20:00:00,-0.333875
2026-01-09 21:00:00,-0.481705
2026-01-09 22:00:00,-0.5492636
2026-01-09 23:00:00,-0.40060446
2026-01-10 00:00:00,-0.20929289
2026-01-10 01:00:00,-0.042560436
2026-01-10 02:00:00,0.1035954
2026-01-10 03:00:00,0.22625628
2026-01-10 04:00:00,0.18332161
2026-01-10 05:00:00,0.06776006
2026-01-10 06:00:00,-0.075470835
2026-01-10 07:00:00,-0.23139706
2026-01-10 08:00:00,-0.39586863
2026-01-10 09:00:00,-0.5385076
2026-01-10 10:00:00,-0.6543152
2026-01-10 11:00:00,-0.6794128
2026-01-10 12:00:00,-0.5066982
2026-01-10 13:00:00,-0.30759454
2026-01-10 14:00:00,-0.11524985
2026-01-10 15:00:00,0.055581786
2026-01-10 16:00:00,0.20231327
2026-01-10 17:00:00,0.1932197
2026-01-10 18:00:00,0.084997244
2026-01-10 19:00:00,-0.061174095
2026-01-10 20:00:00,-0.20993398
2026-01-10 21:00:00,-0.3668667
2026-01-10 22:00:00,-0.4908124
2026-01-10 23:00:00,-0.52061737
2026-01-11 00:00:00,-0.378636
2026-01-11 01:00:00,-0.245712
2026-01-11 02:00:00,-0.13908674
2026-01-11 03:00:00,-0.0540964
2026-01-11 04:00:00,0.0005117045
2026-01-11 05:00:00,-0.059745584
2026-01-11 06:00:00,-0.14786328
2026-01-11 07:00:00,-0.26815745
2026-01-11 08:00:00,-0.4044205
2026-01-11 09:00:00,-0.5295017
2026-01-11 10:00:00,-0.6408161
2026-01-11 11:00:00,-0.7143694
2026-01-11 12:00:00,-0.6599613
2026-01-11 13:00:00,-0.4926598
2026-01-11 14:00:00,-0.3274673
2026-01-11 15:00:00,-0.16003466
2026-01-11 16:00:00,0.006952918
2026-01-11 17:00:00,0.1417484
2026-01-11 18:00:00,0.13617152
2026-01-11 19:00:00,0.04325696
2026-01-11 20:00:00,-0.09010607
2026-01-11 21:00:00,-0.2278455
2026-01-11 22:00:00,-0.36988655
2026-01-11 23:00:00,-0.47597227
2026-01-12 00:00:00,-0.5025091
2026-01-12 01:00:00,-0.41052973
2026-01-12 02:00:00,-0.3207099
2026-01-12 03:00:00,-0.2580989
2026-01-12 04:00:00,-0.22716737
2026-01-12 05:00:00,-0.21321489
2026-01-12 06:00:00,-0.23590112
2026-01-12 07:00:00,-0.30635124
2026-01-12 08:00:00,-0.39671695
2026-01-12 09:00:00,-0.49590048
2026-01-12 10:00:00,-0.59787774
2026-01-12 11:00:00,-0.6830803
2026-01-12 12:00:00,-0.7270131
2026-01-12 13:00:00,-0.6412067
2026-01-12 14:00:00,-0.4883993
2026-01-12 15:00:00,-0.33756012
2026-01-12 16:00:00,-0.17793539
2026-01-12 17:00:00,-0.0077722943
2026-01-12 18:00:00,0.12998232
2026-01-12 19:00:00,0.13681456
2026-01-12 20:00:00,0.053635675
2026-01-12 21:00:00,-0.07324305
2026-01-12 22:00:00,-0.20277
2026-01-12 23:00:00,-0.335011
2026-01-13 00:00:00,-0.44616404
2026-01-13 01:00:00,-0.50662833
2026-01-13 02:00:00,-0.4916248
2026-01-13 03:00:00,-0.4277859
2026-01-13 04:00:00,-0.38491955
2026-01-13 05:00:00,-0.3594642
2026-01-13 06:00:00,-0.3303375
2026-01-13 07:00:00,-0.31977066
2026-01-13 08:00:00,-0.3395197
2026-01-13 09:00:00,-0.39422446
2026-01-13 10:00:00,-0.46994796
2026-01-13 11:00:00,-0.5569246
2026-01-13 12:00:00,-0.63718975
